Industry,Ratio,10MA,Trend,Slope,Status
Department Stores,1.0,0.16666666666666666,Up,0.09999999999999999,Overbought
Diagnostics & Research,0.7333333333333333,0.6443010752688172,Up,0.043333333333333335,Overbought
Electronics & Computer Distribution,0.7142857142857143,0.7571428571428571,Down,0.0,Overbought
Semiconductor Equipment & Materials,0.6923076923076923,0.2652421652421652,Up,0.0692307692307692,Overbought
Semiconductors,0.6666666666666666,0.4796296296296296,Up,0.05370370370370364,Overbought
Electronic Components,0.5172413793103449,0.36724137931034484,Up,0.05172413793103453,Overbought
Computer Hardware,0.5,0.414297385620915,Up,0.03749999999999998,Overbought
Electronic Gaming & Multimedia,0.4,0.32,Up,0.020000000000000018,Overbought
Communication Equipment,0.36,0.29813817663817666,Up,0.03183333333333338,Normal
Health Information Services,0.35,0.3163157894736842,Down,-0.010000000000000009,Normal
Insurance - Reinsurance,0.3333333333333333,0.2833333333333333,Down,0.0,Normal
Drug Manufacturers - General,0.3333333333333333,0.18666666666666665,Up,0.026666666666666644,Normal
Broadcasting,0.3333333333333333,0.26333333333333336,Up,0.00833333333333336,Normal
Oil & Gas Refining & Marketing,0.3333333333333333,0.5083333333333333,Down,-0.03333333333333344,Normal
Industrial Distribution,0.3157894736842105,0.3,Up,0.02105263157894738,Normal
Medical Instruments & Supplies,0.3,0.26268817204301076,Up,0.010645161290322558,Normal
Scientific & Technical Instruments,0.29411764705882354,0.20588235294117646,Up,0.02941176470588236,Normal
Footwear & Accessories,0.2857142857142857,0.08571428571428572,Up,0.028571428571428574,Normal
Software - Infrastructure,0.2696629213483146,0.33932584269662924,Up,0.008077403245942638,Normal
Drug Manufacturers - Specialty & Generic,0.25925925925925924,0.2074074074074074,Up,0.011111111111111072,Normal
Consumer Electronics,0.25,0.34500000000000003,Up,0.0050000000000000044,Normal
Medical Care Facilities,0.22580645161290322,0.2606488269794721,Down,-0.0168132942326491,Normal
Entertainment,0.2222222222222222,0.08769841269841269,Up,0.0043650793650793634,Normal
Lodging,0.2222222222222222,0.08222222222222222,Up,0.012222222222222218,Normal
Electrical Equipment & Parts,0.21428571428571427,0.22095238095238096,Up,0.007142857142857145,Normal
Medical Devices,0.20689655172413793,0.16540705211304121,Up,0.01016333938294009,Normal
Apparel Retail,0.2,0.095,Up,0.01473684210526316,Normal
Luxury Goods,0.2,0.19666666666666666,Down,-2.7755575615628914e-17,Normal
Marine Shipping,0.2,0.5408333333333333,Down,-0.06666666666666676,Normal
REIT - Hotel & Motel,0.2,0.04,Up,0.02,Normal
Tobacco,0.2,0.1,Down,0.0,Normal
Airlines,0.18181818181818182,0.06818181818181816,Up,0.018181818181818174,Normal
Metal Fabrication,0.18181818181818182,0.13636363636363638,Up,0.018181818181818188,Normal
Specialty Industrial Machinery,0.17647058823529413,0.08627450980392157,Up,0.01568627450980392,Normal
Advertising Agencies,0.16666666666666666,0.2916666666666667,Down,-0.016666666666666607,Normal
Travel Services,0.16666666666666666,0.049999999999999996,Up,0.008333333333333331,Normal
Oil & Gas Midstream,0.16666666666666666,0.2512735326688815,Down,-0.03217054263565888,Normal
Engineering & Construction,0.16666666666666666,0.09963037634408602,Up,0.010606060606060605,Normal
Biotechnology,0.13917525773195877,0.13647544188999336,Up,0.0019772272657331835,Normal
Insurance - Brokers,0.13333333333333333,0.17333333333333334,Down,-0.013333333333333336,Normal
Software - Application,0.1326530612244898,0.1980825164149068,Down,-0.007734693877551019,Normal
Telecom Services,0.12903225806451613,0.13084677419354837,Down,-0.006451612903225823,Normal
Security & Protection Services,0.125,0.2125,Down,-0.012500000000000011,Normal
Residential Construction,0.125,0.1,Up,0.0062500000000000056,Normal
Specialty Business Services,0.125,0.1338768115942029,Down,-0.003500000000000003,Normal
Aerospace & Defense,0.1206896551724138,0.06317942723553477,Up,0.0103740502630041,Normal
Farm & Heavy Construction Machinery,0.11764705882352941,0.17058823529411765,Down,0.0,Normal
Discount Stores,0.1111111111111111,0.1111111111111111,Down,0.0,Normal
Internet Retail,0.1111111111111111,0.13333333333333333,Down,-0.005555555555555564,Normal
Specialty Chemicals,0.10526315789473684,0.10796221322537111,Up,0.005263157894736831,Normal
Internet Content & Information,0.09090909090909091,0.14624505928853754,Down,-0.012648221343873556,Oversold
Building Products & Equipment,0.08695652173913043,0.04619565217391304,Up,0.008695652173913042,Oversold
Apparel Manufacturing,0.08333333333333333,0.050000000000000024,Up,0.008333333333333338,Oversold
Leisure,0.08333333333333333,0.08333333333333333,Down,0.0,Oversold
Information Technology Services,0.08333333333333333,0.10286865813181603,Up,0.00022522522522522292,Oversold
REIT - Healthcare Facilities,0.07692307692307693,0.007692307692307704,Up,0.007692307692307704,Oversold
Other Industrial Metals & Mining,0.07692307692307693,0.0521978021978022,Up,0.0076923076923077,Oversold
Integrated Freight & Logistics,0.07692307692307693,0.12307692307692308,Down,-0.0076923076923077205,Oversold
Auto & Truck Dealerships,0.07692307692307693,0.07692307692307693,Down,-0.015384615384615385,Oversold
Packaging & Containers,0.07142857142857142,0.07142857142857142,Down,0.0,Oversold
REIT - Industrial,0.07142857142857142,0.02857142857142857,Up,0.007142857142857142,Oversold
Capital Markets,0.07142857142857142,0.16760898016711973,Down,-0.02142857142857138,Oversold
Oil & Gas Equipment & Services,0.06666666666666667,0.0938245356793744,Up,0.0004166666666666763,Oversold
Rental & Leasing Services,0.0625,0.05625,Up,0.006249999999999999,Oversold
Oil & Gas Integrated,0.058823529411764705,0.37058823529411766,Down,-0.07058823529411767,Oversold
Asset Management,0.058823529411764705,0.09260675733857536,Down,-0.002568351284175638,Oversold
Credit Services,0.037037037037037035,0.04286626528005838,Down,-0.007407407407407404,Oversold
Packaged Foods,0.03225806451612903,0.02721199183485711,Down,-0.0028347996089931535,Oversold
Banks - Regional,0.03208556149732621,0.08525983820101467,Down,-0.003970931029754571,Oversold
Shell Companies,0.030303030303030304,0.02409056922214817,Up,0.0005912786400591279,Oversold
Insurance - Property & Casualty,0.02631578947368421,0.14815078236130869,Down,-0.0243954480796586,Oversold
Beverages - Non-Alcoholic,0.0,0.045454545454545456,Down,-0.027272727272727268,Oversold
Airports & Air Services,0.0,0.0,Down,0.0,Oversold
Auto Manufacturers,0.0,0.06000000000000001,Down,-0.01999999999999999,Oversold
Auto Parts,0.0,0.006666666666666666,Down,-0.0033333333333333322,Oversold
Agricultural Inputs,0.0,0.1,Down,-0.028571428571428553,Oversold
Beverages - Wineries & Distilleries,0.0,0.0,Down,0.0,Oversold
Banks - Diversified,0.0,0.16,Down,-0.024999999999999994,Oversold
Beverages - Brewers,0.0,0.06666666666666667,Down,-0.016666666666666663,Oversold
Aluminum,0.0,0.0,Down,0.0,Oversold
Chemicals,0.0,0.11428571428571428,Down,-0.012499999999999997,Oversold
Confectioners,0.0,0.0,Down,0.0,Oversold
Farm Products,0.0,0.075,Down,-0.02500000000000001,Oversold
Medical Distribution,0.0,0.025,Down,-0.025,Oversold
Lumber & Wood Production,0.0,0.0,Down,0.0,Oversold
Insurance - Specialty,0.0,0.02727272727272727,Down,-0.018181818181818184,Oversold
Insurance - Life,0.0,0.18956043956043955,Down,-0.035714285714285726,Oversold
Household & Personal Products,0.0,0.05333333333333333,Down,0.0,Oversold
Financial Data & Stock Exchanges,0.0,0.0,Down,0.0,Oversold
Food Distribution,0.0,0.07142857142857142,Down,-0.02857142857142858,Oversold
"Furnishings, Fixtures & Appliances",0.0,0.03636363636363636,Down,-0.009090909090909094,Oversold
Healthcare Plans,0.0,0.19555555555555554,Down,-0.07,Oversold
Grocery Stores,0.0,0.025,Down,0.0,Oversold
Gold,0.0,0.048484848484848485,Down,-0.003030303030303029,Oversold
Gambling,0.0,0.0,Down,-0.02857142857142857,Oversold
Infrastructure Operations,0.0,0.0,Down,0.0,Oversold
Home Improvement Retail,0.0,0.1,Down,0.0,Oversold
Insurance - Diversified,0.0,0.08571428571428572,Down,-0.01428571428571429,Oversold
Financial Conglomerates,0.0,0.2,Down,-0.024999999999999994,Oversold
Business Equipment & Supplies,0.0,0.0,Down,0.0,Oversold
Building Materials,0.0,0.0,Down,0.0,Oversold
Conglomerates,0.0,0.0,Down,0.0,Oversold
Consulting Services,0.0,0.03333333333333333,Down,-0.022222222222222227,Oversold
Copper,0.0,0.0,Down,0.0,Oversold
Closed-End Fund - Debt,0.0,0.0,Down,0.0,Oversold
Closed-End Fund - Equity,0.0,0.01644144144144144,Down,-0.002702702702702703,Oversold
Closed-End Fund - Foreign,0.0,0.0,Down,0.0,Oversold
Coking Coal,0.0,0.0,Down,0.0,Oversold
Education & Training Services,0.0,0.04285714285714286,Down,0.0,Oversold
Personal Services,0.0,0.0625,Down,-0.012499999999999997,Oversold
Pollution & Treatment Controls,0.0,0.1,Down,0.0,Oversold
Publishing,0.0,0.0,Down,0.0,Oversold
Oil & Gas Drilling,0.0,0.05714285714285714,Down,-0.014285714285714284,Oversold
Oil & Gas E&P,0.0,0.13874207188160675,Down,-0.054545454545454564,Oversold
Mortgage Finance,0.0,0.0,Down,0.0,Oversold
REIT - Retail,0.0,0.0,Down,0.0,Oversold
REIT - Specialty,0.0,0.0,Down,0.0,Oversold
REIT - Office,0.0,0.07857142857142856,Down,-0.01428571428571429,Oversold
REIT - Residential,0.0,0.006666666666666666,Down,-0.00666666666666667,Oversold
REIT - Mortgage,0.0,0.0,Down,0.0,Oversold
Real Estate - Diversified,0.0,0.0,Down,0.0,Oversold
REIT - Diversified,0.0,0.0,Down,0.0,Oversold
Recreational Vehicles,0.0,0.0,Down,0.0,Oversold
Real Estate - Development,0.0,0.0,Down,0.0,Oversold
Railroads,0.0,0.0,Down,0.0,Oversold
Real Estate Services,0.0,0.0,Down,0.0,Oversold
Other Precious Metals & Mining,0.0,0.0,Down,0.0,Oversold
Paper & Paper Products,0.0,0.2,Down,0.0,Oversold
Silver,0.0,0.13333333333333333,Down,0.0,Oversold
Restaurants,0.0,0.01111111111111111,Down,-0.007407407407407408,Oversold
Resorts & Casinos,0.0,0.0,Down,-0.00909090909090909,Oversold
Staffing & Employment Services,0.0,0.05,Down,0.0,Oversold
Specialty Retail,0.0,0.11894736842105262,Down,-0.015,Oversold
Solar,0.0,0.0,Down,0.0,Oversold
Steel,0.0,0.12999999999999998,Down,-0.009999999999999981,Oversold
Thermal Coal,0.0,0.0,Down,0.0,Oversold
Textile Manufacturing,0.0,0.4,Down,0.0,Oversold
Tools & Accessories,0.0,0.0,Down,0.0,Oversold
Trucking,0.0,0.008333333333333321,Down,-0.008333333333333335,Oversold
Uranium,0.0,0.0,Down,0.0,Oversold
Utilities - Diversified,0.0,0.11666666666666667,Down,-0.016666666666666663,Oversold
Utilities - Independent Power Producers,0.0,0.0,Down,0.0,Oversold
Utilities - Regulated Electric,0.0,0.0,Down,0.0,Oversold
Utilities - Regulated Gas,0.0,0.0,Down,0.0,Oversold
Utilities - Regulated Water,0.0,0.0,Down,0.0,Oversold
Utilities - Renewable,0.0,0.0,Down,0.0,Oversold
Waste Management,0.0,0.02222222222222222,Down,-0.02222222222222222,Oversold
