Sector,Ratio,10MA,Trend,Slope,Status
Technology,0.37889688249400477,0.3744777465814926,Up,0.002961458584328669,Overbought
Communication Services,0.20588235294117646,0.16598424601320366,Up,0.0009620670698185507,Normal
Healthcare,0.17391304347826086,0.19128188170179192,Down,-0.003885291396854784,Normal
Energy,0.16352201257861634,0.13593929649578995,Down,-0.0016602211023868108,Normal
Industrials,0.14322916666666666,0.1387518777230165,Up,0.0018876835060449293,Normal
Consumer Cyclical,0.1079136690647482,0.0864152088467475,Up,0.004339754003249027,Normal
Basic Materials,0.07534246575342465,0.07054343790705964,Up,0.002305488405407813,Oversold
Consumer Defensive,0.07377049180327869,0.04279300839676137,Up,0.00493802479008397,Oversold
Financial,0.06537102473498234,0.056797399571327886,Down,-0.0051578127807390475,Oversold
Real Estate,0.03787878787878788,0.037642708213253655,Up,0.0030632411067193707,Oversold
Utilities,0.013157894736842105,0.007894736842105263,Down,0.0,Oversold
